-- Testdaten für das Basisschema
-- Hinweis: Datums- und Dezimalformate ggf. an NLS-Einstellungen anpassen.

-- Kunden
INSERT INTO KUNDEN VALUES (11111, 'Rick Grimes',
  'Walking-Road 23', '01934', 'Dead Ville');
INSERT INTO KUNDEN VALUES (11112, 'Carl Grimes',
  'Walking-Road 23', '01934', 'Dead Ville');
INSERT INTO KUNDEN VALUES (11333, 'Hershel Greene',
  'Farm im Grünen 101', '22115', 'Farmers Hood');
INSERT INTO KUNDEN VALUES (141424, 'Daryl Dixon',
  'Merler-Landstraße 20', '22111', 'Philadelphia');
INSERT INTO KUNDEN VALUES (141426, 'Carol Paletier',
  'Klosterweg 13', '20224', 'Atlanta');
INSERT INTO KUNDEN VALUES (152341, 'Abraham Ford',
  'Karottenallee 4', '30821', 'Washington D.C.');

INSERT INTO KUNDEN VALUES (2233, 'Walter White',
  'Erlenmeyer-Straße 12a', '42351', 'Albuquerque');
INSERT INTO KUNDEN VALUES (213454, 'Skyler White',
  'Erlenmeyer-Straße 12a', '42351', 'Albuquerque');
INSERT INTO KUNDEN VALUES (223344, 'Hank Shrader',
  'An der Polizeiwache 80', '39874', NULL);
INSERT INTO KUNDEN VALUES (21456, 'Jesse Pinkman',
  'Bei-der-Schulbibliothek 12', '39874', NULL);
INSERT INTO KUNDEN VALUES (2948517, 'Gustavo Fring',
  'Pollo Hermanos 15', '38911', 'New Mexico');
INSERT INTO KUNDEN VALUES (2837472, 'Saul Goodman',
  'Bei-den-Anwälten 34', '42351', 'Albuquerque');

INSERT INTO KUNDEN VALUES (324567, 'Sheldon Cooper',
  'Big-Banger-Kreisel 42b', '77345', 'Pasadena');
INSERT INTO KUNDEN VALUES (3256788, 'Leonard Hofstadter',
  'Big-Banger-Kreisel 42b', '77345', 'Pasadena');
INSERT INTO KUNDEN VALUES (385454, 'Rajesh Koothrappali',
  'Universitätsallee 69', '78090', NULL);
INSERT INTO KUNDEN VALUES (3987634, 'Howard Wolowitz',
  'Neil-Armstrong-Platz 8', '76548', 'Altadena');
INSERT INTO KUNDEN VALUES (37643, 'Amy Farrah Fowler',
  'Charles-Darwin-Weg 112', '77355', 'Pasadena');
INSERT INTO KUNDEN VALUES (309876, 'Bernadette Rostenkowski',
  'Lamarck-Straße 2', '78090', NULL);

-- Bestellungen
INSERT INTO BESTELLUNGEN VALUES (121226, 152341, '25.04.2015', 3);
INSERT INTO BESTELLUNGEN VALUES (121227, 3987634, '27.04.2015', 1);
INSERT INTO BESTELLUNGEN VALUES (121228, 223344, '26.04.2015', 2);
INSERT INTO BESTELLUNGEN VALUES (121229, 2948517, '26.04.2015', 2);
INSERT INTO BESTELLUNGEN VALUES (121230, 2948517, '25.04.2015', 3);
INSERT INTO BESTELLUNGEN VALUES (121231, 2948517, '26.04.2015', 2);
INSERT INTO BESTELLUNGEN VALUES (121232, 324567,  '26.04.2015', 2);
INSERT INTO BESTELLUNGEN VALUES (121233, 324567,  '25.04.2015', 3);
INSERT INTO BESTELLUNGEN VALUES (121234, 11111,   '26.04.2015', 2);

-- Bestellpositionen
INSERT INTO BESTELLPOSITIONEN VALUES (121226, 12456, 2);
INSERT INTO BESTELLPOSITIONEN VALUES (121226, 12459, 1);
INSERT INTO BESTELLPOSITIONEN VALUES (121226, 12451, 3);
INSERT INTO BESTELLPOSITIONEN VALUES (121227, 12451, 4);
INSERT INTO BESTELLPOSITIONEN VALUES (121228, 12456, 2);
INSERT INTO BESTELLPOSITIONEN VALUES (121229, 12459, 1);
INSERT INTO BESTELLPOSITIONEN VALUES (121230, 12459, 3);
INSERT INTO BESTELLPOSITIONEN VALUES (121230, 12456, 3);
INSERT INTO BESTELLPOSITIONEN VALUES (121230, 12459, 1);
INSERT INTO BESTELLPOSITIONEN VALUES (121230, 12451, 1);
INSERT INTO BESTELLPOSITIONEN VALUES (121230, 12457, 1);
INSERT INTO BESTELLPOSITIONEN VALUES (121230, 12459, 2);
INSERT INTO BESTELLPOSITIONEN VALUES (121231, 13675, 2);
INSERT INTO BESTELLPOSITIONEN VALUES (121231, 13645, 4);
INSERT INTO BESTELLPOSITIONEN VALUES (121231, 13645, 1);
INSERT INTO BESTELLPOSITIONEN VALUES (121233, 12451, 2);
INSERT INTO BESTELLPOSITIONEN VALUES (121234, 13645, 3);
INSERT INTO BESTELLPOSITIONEN VALUES (121234, 12456, 1);

-- Artikel
INSERT INTO ARTIKEL VALUES (14460, 'James Audrey TikTok',
  'Herrenuhren', '149,00');
INSERT INTO ARTIKEL VALUES (12440, 'James Audrey Business Clock',
  'Herrenuhren', '349,00');
INSERT INTO ARTIKEL VALUES (12450, 'James Audrey Man Fitness',
  'Herrenuhren', '149,00');
INSERT INTO ARTIKEL VALUES (13670, 'James Audrey Lady Fitness',
  'Frauenuhren', '149,00');
INSERT INTO ARTIKEL VALUES (14456, 'James Audrey Mrs Audreys Chrono One',
  'Frauenuhren', '179,00');
INSERT INTO ARTIKEL VALUES (12456, 'James Audrey Chrono One',
  'Herrenuhren', '249,00');
INSERT INTO ARTIKEL VALUES (12459, 'James Audrey Big Data',
  'Herrenuhren', '149,00');
INSERT INTO ARTIKEL VALUES (12457, 'James Audreys Window',
  'Sonnenbrillen', '99,99');
INSERT INTO ARTIKEL VALUES (13675, 'James Audrey Mrs Audreys Window',
  'Sonnenbrillen', '89,99');
INSERT INTO ARTIKEL VALUES (13645, 'James Audrey Big Data',
  'Frauenuhren', '149,00');
INSERT INTO ARTIKEL VALUES (12451, 'James Audrey Cameron Bends',
  'Herrenarmbänder', '49,99');

-- Konditionen
INSERT INTO KONDITIONEN VALUES (3165689, 12440, '139,60');
INSERT INTO KONDITIONEN VALUES (3165689, 12450, '59,60');
INSERT INTO KONDITIONEN VALUES (3128889, 12451, '22,00');
INSERT INTO KONDITIONEN VALUES (3123789, 12451, '19,99');
INSERT INTO KONDITIONEN VALUES (3165689, 12451, '25,45');
INSERT INTO KONDITIONEN VALUES (2456456, 12456, '99,60');
INSERT INTO KONDITIONEN VALUES (1789123, 12457, '39,99');
INSERT INTO KONDITIONEN VALUES (2456456, 12459, '59,60');
INSERT INTO KONDITIONEN VALUES (2456456, 13645, '59,60');
INSERT INTO KONDITIONEN VALUES (3123789, 13670, '59,60');
INSERT INTO KONDITIONEN VALUES (1789123, 13675, '35,99');
INSERT INTO KONDITIONEN VALUES (2456456, 14456, '71,60');
INSERT INTO KONDITIONEN VALUES (2456456, 14460, '59,60');

-- Lieferanten
INSERT INTO LIEFERANTEN VALUES (1789123, 'Günes-Gözlügü AG',
  'Sonnenallee 112', '77345', 'Pasadena');
INSERT INTO LIEFERANTEN VALUES (2456456, 'Clock-Work GmbH',
  'Additionsstraße 16', '42351', 'Albuquerque');
INSERT INTO LIEFERANTEN VALUES (3123789, 'Schmuck-und-Accessoires GbR',
  'Ticari Weg 24a', '01934', NULL);
INSERT INTO LIEFERANTEN VALUES (3165689, 'Schmuck-und-Herrenartikel',
  'Ticari Weg 24b', '01934', NULL);
INSERT INTO LIEFERANTEN VALUES (3128889, 'Your Brends Herrenarmbänder',
  'Schlangenhügel 10', '20224', 'Atlanta');
